,C,C_Test,Html,Html_test,Java,Java_test,PHP,PHP_test,InternetPenetration,InternetUsers,UploadSpeed,Download,FixedBroadbandSubscriptions,ChargesIntellProperty,GovernmentExpenditureOnEducation,GrossEnrolmentRatio,HighTechnologyExports,GINIindex,IncomeShareLow20,SurveyMeanIncome,Unemployment,UnemploymentTertiaryEducation,GDP_BM
ABW,-0.21075755418086517,-0.4173439379738661,0.02129294023476451,0.19701553746792969,-0.10755001962785002,-0.46836901807429404,-0.15165192177029574,-0.19668570517495956,1.1935778628390192,1.3215465740566887,0.0,-1.295500786861407e-16,0.3848719427238398,-0.13332290473685934,0.8127088800668857,-0.9753025821974685,-0.35538053897049715,0.0,-1.0936687419869822e-15,0.0,0.0,-1.4990171643031331,0.3909729045769887
AGO,-0.3537039145539867,-0.40576049572813633,-0.6441231332734033,-0.17902372906370032,-0.5579562671538365,-0.46836901807429404,-0.6816046526928882,-0.19668570517495956,-0.9229110086873528,-1.398630218871409,-0.46972296300537214,-0.7303107169186758,-0.9830876336349117,-0.22142733450722113,-0.6127541761972582,-1.2611141407284938,0.0,0.445830103255387,-0.6157693545206887,0.0,-0.3045532221898195,-3.7330851873527326e-16,-0.49985616961645335
ALB,0.23165600758855134,0.3039701476035238,1.2751367939045153,0.03701501906234832,0.5362032420488496,0.16251242804045554,1.0370012182794155,0.1330397688643701,0.5281934015564808,0.4152530997099486,-0.3816587219249289,-0.5472558879058294,-0.5222240010609526,-0.21512017353772314,-0.5584165816812238,0.9008242067371806,-0.7287419088909732,-1.3892348745472247,1.4898588698502255,-1.2198443234874312,1.373401612739792,-0.35367778219660156,-0.505534695748778
AND,0.18985955576509533,-0.4173439379738661,0.3597802041596349,0.38783786381095536,1.0355262456995977,-0.46836901807429404,0.5201030555631377,0.3570185436281547,1.7280089992946748,1.6157736928485245,0.0,-1.295500786861407e-16,1.69106237029944,0.0,-0.8182691512333187,2.9102958981374106e-16,0.7892132421804079,0.0,-1.0936687419869822e-15,0.0,0.0,-3.7330851873527326e-16,1.1844029109790373
ARE,0.18585656044137816,0.4544303949397714,0.4664718622470671,-0.06479130982911671,0.14509235134860052,-0.10124989325498664,0.37492685177020907,-0.1388288973319836,1.5156522563321626,1.413650822384703,0.1912323087596753,1.0251194561248356,-0.14306081481034952,0.0,-1.8909632044279656,-0.7648781018263673,-0.07132615969362796,0.0,-1.0936687419869822e-15,0.0,-0.8819140654746195,1.527200696139812,0.9947895166475031
ARG,-0.17860210962214876,-0.1989777111806673,-0.33010221264549244,-0.1530927576802498,-0.18515860913879967,0.015072394985547162,-0.27741367824823215,-0.13816677056498095,0.5211148434577303,0.6345469115785611,-0.64774529981315,-0.6559219019413438,0.15941516952864376,-0.18251463187756997,0.43258721206354084,1.6085858260022914,-0.2397943552662143,0.43916198923720934,-1.009805045631035,-0.16391834041361153,-0.0519579447508731,-0.9841398217929278,-0.14926890405554402
ARM,2.040130668880264,8.185094189870085,6.5616311809971215,2.2697542177499486,2.640413257637368,4.374622117848493,7.216332986050173,3.54942092930831,0.03977289274270252,0.23677868414261047,0.12210661414814453,-0.10165230014945814,-0.32495704743562887,0.0,-1.2703525945151564,0.14504308828134072,-0.37186608231624013,-1.0531619280310487,1.2435865629062588,-1.3230350682528593,1.5538268601407856,3.5656943838813375,-0.524751157370485
ASM,0.7298791510974635,-0.4173439379738661,0.6050564711518165,0.5261124541476428,1.9927588625703536,-0.46836901807429404,1.0635884639543876,0.49208366205092213,-1.0574036125636106,2.5344489434616367e-16,0.0,-1.295500786861407e-16,-1.3388110162319475e-16,0.0,0.0,2.9102958981374106e-16,0.0,0.0,-1.0936687419869822e-15,0.0,0.0,-3.7330851873527326e-16,-0.4919556115193061
ATG,-0.11143471249976503,-0.4173439379738661,-0.045797174052640374,-0.17902372906370032,0.11904686697060064,-0.46836901807429404,-0.08545815435087752,-0.19668570517495956,0.6449896101858624,0.4847034284935478,0.0,-1.295500786861407e-16,-0.12257624703341848,-0.21064464395395532,-1.098077765823867,-0.7056037829202847,-0.8689076565679573,0.0,-1.0936687419869822e-15,0.0,0.0,-3.7330851873527326e-16,-0.07565380803577093
AUS,0.18292627416211577,0.27193205839151946,0.4145131619228118,-0.08225352094273405,0.2719164525704304,0.1344910203666495,0.3802848324594296,-0.0659273825813673,1.3386883038634025,1.1752776239919442,-0.4517313438599052,0.025246266576578833,1.0704569645576618,-0.0802399292357093,0.3922907742476903,1.8775968328575179,0.40454732701027857,-0.5917284379731249,0.4062607192967727,0.0,-0.4488934545718365,0.03510712232129909,1.6492602277679564
AUT,-0.16268307425695594,-0.13802146374966845,-0.36981216028604674,-0.13784777236665485,-0.18963921542813733,0.02023745723071387,-0.2906076960653808,-0.14752764916179553,1.2537456066783974,1.1526555285058655,-0.1818570566779016,0.7494432594441346,1.0710116658888067,-0.06548564649936908,0.5537067702578004,1.6090748737579703,0.439179796820772,-1.1865242083946108,0.8310804487751153,2.900668864042419,-0.62931870197283,0.3608458827629533,1.1190175629771257
AZE,-0.2820745524116057,-0.29606390716591696,-0.4794203699015266,-0.17107780174100815,-0.4161007125590194,-0.20318176340499175,-0.4732609122062122,-0.19668570517495956,0.478643494865228,0.9055999633213221,-0.5199101111479904,-0.7631293117616164,0.4892815360433918,-0.21900876469879418,-1.1487172139042736,-0.7189772107596456,-0.20900336956851656,-1.0118196211183448,1.2251161398854618,0.0,-0.5932336869538535,-0.1960623720944073,-0.44245367719186784
BDI,-0.3548031206001187,-0.4173439379738661,-0.6457385601110255,-0.17902372906370032,-0.5602558460457472,-0.46836901807429404,-0.6830902783996102,-0.19668570517495956,-1.5529026794761391,-1.667353949148753,0.0,-1.295500786861407e-16,-1.0129762049376954,-0.2214617389541961,0.4713527966628983,-1.487018137850006,-0.7479548465712789,-0.8024408409475525,1.53295652356542,0.0,-0.2865107147705438,-3.7330851873527326e-16,-0.6572912491981481
BEL,-0.08216375076560767,-0.2068527095400132,-0.22008948016749,-0.13075594640804852,-0.05094374208462797,0.08393550464629383,-0.11414499192983273,-0.0922877890156542,1.310374071468401,1.192840446822558,-0.3826056492483745,1.3474709876932744,1.6985280924757118,0.036563910248851826,1.0002922475074865,1.3354768164455606,0.33838107034613535,-1.5719411986453047,1.3482522933574446,2.3838255648293702,0.0021696639306473006,0.42389212666235626,0.9861894299688376
BEN,-0.3453232121606528,-0.4173439379738661,-0.6282999696674787,-0.17551265325226997,-0.5404235339679947,-0.4449333006512792,-0.6494792625934448,-0.19325612444644352,-1.4254886336986319,-1.59881635262088,-0.7301279769529195,-1.0183850494289322,-0.981903049300127,-0.22128899757763942,-0.09601210679069498,-1.0383307726955104,-0.480324607747734,0.5418509451171515,-0.22789047108394145,0.0,-1.351019691576804,-3.7330851873527326e-16,-0.6365934329332259
BFA,-0.35464643478615593,-0.4173439379738661,-0.643499178454448,-0.17902372906370032,-0.559081150372092,-0.46836901807429404,-0.6805666477208194,-0.19668570517495956,-1.443185028945508,-1.4347400679448519,-0.792625180300331,-1.0606845716709443,-1.011870298688991,-0.22145134656194743,-0.03048653693106158,-1.471955971669095,0.13471506630559912,-0.5437180170422427,1.1573912554758712,0.0,-0.9721266891751162,-1.3203862730190334,-0.6434241237880511
BGD,-0.12250292437367977,-0.1289887806276471,0.9187658530013202,0.16753421546291172,-0.1048859253989503,-0.33343212675493794,0.6161174669851349,-0.10547497836321121,-1.3688601689086286,-1.3272918231378878,-0.09852745221468645,-0.653733995618481,-0.8671267032052745,-0.2213056960447176,-1.4208769879403464,-1.1170527125151026,-0.8524567512587108,-0.9664764457947332,1.4898588698502255,0.0,-0.7556163406923032,-0.2906316381203552,-0.6187760284745553
BGR,0.5564037873504354,1.6061217380962058,1.439350795827949,0.2131678366457993,0.8057452669551382,1.301410579201688,1.5201795982000157,0.4346009166458589,0.28044386810021654,0.17995650267930574,1.305765768455178,1.332884945540856,0.5428914695045403,-0.19451232273975907,-0.5664495746380768,1.2317211732572513,-0.14812096256747875,-0.4490307979841136,-0.16632239434794946,-0.4797176024112577,0.5614879994353213,-0.5743395360213553,-0.3880961915338912
BHR,-0.16644418817777734,0.011071261878018155,-0.31713122507711006,-0.17902372906370032,-0.27917919727499013,-0.09366511831092544,-0.32647307984150314,-0.19668570517495956,1.5864378373196668,1.493367747192048,0.0,-1.295500786861407e-16,0.5983045231453169,0.0,-1.048568732097036,-0.1587451583494732,-0.7282332318776517,0.0,-1.0936687419869822e-15,0.0,-0.8277864569735243,0.16119961012010495,0.2940676216666669
BHS,-0.2594157762608877,-0.4173439379738661,-0.32697530097234817,-0.17902372906370032,-0.40088602341338236,-0.46836901807429404,-0.47217550840284495,-0.19668570517495956,0.94936760843213,0.9412691611880827,-0.3930218498062764,-0.15562065611340492,0.5060489159594743,-0.17918915042098635,-0.9359265619368811,2.9102958981374106e-16,-0.8689076565679573,0.0,-1.0936687419869822e-15,0.0,1.2471038024359085,-0.5848471767891514,0.2735344003621019
BIH,0.5532059616381187,0.9204820248069387,2.0796938132393867,0.08908400566803196,1.1484065635174214,0.4952427085553606,1.9703814046957637,0.034981550826490466,0.8042571674077469,0.4799060212542226,-0.6288067533442375,-0.4728670729284973,0.054635265831548936,-0.2199357490906985,0.0,0.28115573124466436,-0.6032555964648394,-0.7397605691766785,0.5232400650951571,0.0,3.502419394948327,-1.0051552031516768,-0.49590589056787976
BLR,0.8037105434250715,4.600269859154874,1.9508420604432495,0.34613322840574406,1.5937652893994272,5.493428196555765,1.2837092085117623,0.3607121745805319,0.3193759376433438,0.3787787841994711,0.23100325634439164,-0.04695464207789049,1.1594514069275215,-0.20049572935095505,0.23692702713932634,1.97190369658539,-0.4643108826414862,-1.626619733594365,1.7853856381829858,-0.14612683269543433,-0.46693596217153727,-0.5533241546626065,-0.43237223586998724
BLZ,-0.005981312216562102,-0.4173439379738661,-0.15295922755547942,-0.07217582923916056,-0.21756826912831417,-0.46836901807429404,-0.34376690330536225,-0.09231783680604166,-0.47696184846607714,-0.35744633314066854,-0.6591084276944975,-0.8863813679495488,-0.7945872205097382,-0.21012136308313678,0.9117049699620791,-0.6769916712494366,-0.8689076565679573,1.8514685382873295,-1.9825806580597032,0.0,0.5434454061336278,-1.5620633832992852,-0.46714292124545304
BMU,0.256213277845882,-0.4173439379738661,-0.42016460753948615,-0.17902372906370032,-0.30569496685039255,-0.46836901807429404,-0.008819417749964049,-0.19668570517495956,1.7740196269365525,1.6661960151607365,0.0,-1.295500786861407e-16,2.9845466051028993,-0.07643162532601022,-1.5214643048657808,-0.5428545158062043,1.6596692432683844,0.0,-1.0936687419869822e-15,0.0,0.0,-0.12250838760405171,0.0
BOL,-0.17325290966625967,-0.2524649841206043,-0.2548402109567713,-0.11781009145620483,-0.2166796495095454,-0.3241612798355921,-0.12835393409833662,-0.1579962357598457,-0.20089808261481124,-0.23224744862833913,-0.6931978113385401,-0.9454548386668419,-0.8941507605577274,-0.2161111365944282,1.4998273201867598,2.9102958981374106e-16,0.3410064012327696,1.2033278557204188,-1.748621966462935,-0.6611909811366657,-1.0442967623347033,1.0123232039999488,-0.5413340996264765
BRA,-0.2731360178402465,-0.3345342183726966,-0.5255397402358783,-0.16948240181298554,-0.3672664056593406,-0.3022848256965563,-0.522644505700514,-0.17219821742095007,0.22735468235958847,0.266389315017459,-0.4441559252723402,-0.19937878257065902,-0.13421734997048612,-0.19751147165167118,0.7454604126140671,0.23482352504228557,0.29070462839872163,1.6140836792401891,-1.7301515434421373,-0.2306364943567762,-0.3045532221898195,-1.267847769710583,-0.3173203585802804
BRB,-0.09078266291108089,-0.4173439379738661,0.2327276446597535,-0.17902372906370032,-0.11865675480185212,-0.46836901807429404,0.38740686297803395,-0.19668570517495956,1.0555459799133862,0.8738543772199052,0.0,-1.295500786861407e-16,1.0337144723082803,-0.185566701191632,1.183036327108699,1.0124524268310229,0.8601289515582304,0.0,-1.0936687419869822e-15,0.0,0.6336580298341246,-1.0471860659024848,-0.01454792900314765
BRN,-0.28510113929968345,-0.4173439379738661,-0.5484418640734413,-0.17902372906370032,-0.3408442318773997,-0.46836901807429404,-0.45768552143112984,-0.19668570517495956,0.6839216797289898,0.6987186156941111,-0.4185888875393083,-0.7281228105958131,-0.47531749383435995,-0.20641088301032498,-0.4333409005479367,-0.3681403725942979,-0.13734648474828634,0.0,-1.0936687419869822e-15,0.0,-0.845829007514434,-1.2468323383351794,0.0
BTN,-0.19191000205573122,-0.4173439379738661,0.8975697461488042,0.07098795331069324,0.1830451949166429,-0.46836901807429404,0.023965130153024566,-0.19668570517495956,-0.5406688713548309,-0.42129419732217016,-0.42048274218619963,-0.7711516349454463,-0.7682809724723467,-0.22074154786422107,0.739446624165292,-1.2200177149820026,-0.8667373446295539,-0.07561641296613963,0.1846156430472031,-1.1602427726315374,-1.0262542549154274,1.4431391717555861,-0.5651592201381861
BWA,-0.3227132822262062,-0.4173439379738661,-0.5914009514435649,-0.17902372906370032,-0.527372300747488,-0.46836901807429404,-0.6360811251941089,-0.19668570517495956,-1.0680214497117362,-0.8600253310833247,-0.4952900007384041,-0.8521041688913663,-0.8911223954160826,-0.21808582641931598,2.7858552546927697,-0.5406636441180973,-0.8469149983649636,2.811676956904976,-2.2103825419828724,0.0,1.7522947008434726,-1.3203862730190334,-0.40661312457408005
CAF,-0.35394695469105814,-0.4173439379738661,-0.642955853164687,-0.17902372906370032,-0.5616218603440593,-0.46836901807429404,-0.681514490647099,-0.19668570517495956,-1.4750385403898847,-1.6781602933294169,0.0,-1.295500786861407e-16,-1.013190821467624,0.0,-1.825569305131276,-1.553945196250956,-0.8653016553328153,2.2488881337707447,-1.9086989659765132,0.0,-0.19629809107004703,-1.7406942994866355,-0.6560156382553796
CAN,0.3451124227425791,0.2340768120966193,0.714668682484721,-0.019111562023907583,0.6408780353243584,0.3754391035440662,0.7447700423641139,0.05555694341793987,1.437788117245908,1.3147256628530655,-0.22541571355640044,0.6451530580543456,1.6521961710146627,0.03817456092090263,0.3932729693000334,2.9102958981374106e-16,0.43785524503756845,-0.7597649112312126,0.4124175269703717,0.0,-0.2865107147705438,1.8949702192989637,1.1110758561398892
CHE,0.11175676247769938,0.011147797158765387,-0.27391435213350007,0.017491309536954585,0.24819175527981685,0.531019890296294,0.07289538298165187,0.004408705748078551,1.4696416286902851,1.2968910639196853,0.0037406987174411683,2.2561814137889185,2.1869189620731624,1.202032329681923,0.27303121248104195,0.6764799871289742,1.660278470725695,-1.031823963172879,1.0219414866566892,4.009079794884861,-0.7195313256733268,0.8336924125390057,2.630904571338503
CHI,-0.28200572747885055,-0.4173439379738661,-0.5103019383130024,-0.17902372906370032,-0.40796106091708695,-0.46836901807429404,-0.2787322350145785,-0.19668570517495956,0.0,2.5344489434616367e-16,0.0,-1.295500786861407e-16,-1.3388110162319475e-16,0.0,0.0,2.9102958981374106e-16,0.0,0.0,-1.0936687419869822e-15,0.0,0.0,-3.7330851873527326e-16,0.0
CHL,-0.3076128985531221,-0.3843399824353309,-0.5636565059697896,-0.17253674921730414,-0.45979150094756693,-0.3962035647233072,-0.5541220560987155,-0.1692279221088136,0.7547072607164937,0.4522087892369289,-0.4801391635632741,0.0201411518232325,0.04160105940545409,-0.1489401155985808,0.0009481645630435302,1.8807158020917507,-0.31302301209564476,1.4767205304657212,-1.1083139684086218,0.2274948293862878,-0.37672333847104056,0.3293226609900954,-0.11795471284758018
CHN,-0.34380536505952014,-0.4069540768809414,-0.6339354915073946,-0.1774637581329447,-0.5396569739520312,-0.45095176476708027,-0.6686640367471791,-0.19402604679977972,0.0220764974958265,-0.046767619721184456,0.31433286080760686,0.6451530580543456,0.06990615344982949,-0.2076009267497806,-1.4594174965302211,-0.054189383063168846,1.5221202768513515,0.37114722625179203,-0.7389055079926716,0.0,-0.6834463106543502,-3.7330851873527326e-16,-0.34254453625502657
CMR,-0.3355922175440062,-0.4173439379738661,-0.6114367225649849,-0.17574615709910388,-0.4936812294707256,-0.41367620131296484,-0.6105922019336744,-0.19508495682177526,-1.3723994479580037,-1.1032839936208747,0.0,-1.295500786861407e-16,-1.0088318605660427,-0.2211806448085409,-0.8380661193301795,-1.1790958154295608,-0.40570395110635593,0.9552740142441937,-1.1698820451446132,-1.4102134560719277,-0.7556163406923032,-3.7330851873527326e-16,-0.6171712276110722
COD,-0.3551722199418687,-0.4173439379738661,-0.6457385601110255,-0.17902372906370032,-0.5610280152475936,-0.4650864038442601,-0.6835954623353282,-0.19668570517495956,-1.3653208898592533,-1.705385338110464,0.0,-1.295500786861407e-16,-1.0141441312068333,-0.2213461938781412,-1.2680205996489848,-1.3955740010915085,0.0,0.363145489429979,-0.5480444701110977,-1.74469380117366,-0.08804295976984945,-3.7330851873527326e-16,-0.592481983557487
COG,-0.3475006232614803,-0.4173439379738661,-0.6369370217374009,-0.17902372906370032,-0.5416501360731771,-0.3579707573795916,-0.6667214788095603,-0.19668570517495956,-1.5210491680317622,-1.5692725652521269,0.0,-1.295500786861407e-16,-1.013371800043362,0.0,0.9136254049498277,-1.2695012723839898,-0.6818450364040896,1.275343487116742,-1.3730566983733858,-1.5356435854850774,-0.35868083087133973,-3.7330851873527326e-16,-0.6499256247221619
COL,-0.27979681805907575,-0.3496969050277912,-0.4930783823877108,-0.16613051026940925,-0.34365987496549616,-0.25859871076148017,-0.47569919833202934,-0.17622052662251128,0.23089396140896373,0.15315725377575914,-0.5274855297355554,-0.6362307450355794,-0.2396241006075781,-0.21273865660034003,0.06314881690528037,0.4332450835300254,-0.14216344995004934,1.8834754855745848,-1.8902285429557157,-0.5606689625289641,0.2908501283338311,0.6025229181232994,-0.41945153148194436
COM,-0.3554560797923818,-0.4173439379738661,-0.6285052174342667,-0.17902372906370032,-0.5420696212424462,-0.46836901807429404,-0.6842920607728267,-0.19668570517495956,-1.3688601689086286,-1.5748659690219058,0.0,-1.295500786861407e-16,-0.9983422571379629,0.0,0.28280345533540635,-1.3018742482924457,-0.8577417891788497,2.2075458268580403,-1.4900360441717702,0.0,-0.35868083087133973,-3.7330851873527326e-16,-0.6361407967922434
CPV,-0.34114213030935703,-0.4173439379738661,-0.6457385601110255,-0.17902372906370032,-0.5316765591815802,-0.46836901807429404,-0.6052568666122788,-0.19668570517495956,-0.27168366360231533,-0.30645270763029214,0.0,-1.295500786861407e-16,-0.7547085199644974,-0.21372563434971184,0.26404362728445663,-0.7262494930135388,-0.8689076565679573,1.0419594964805088,-0.8989825075062503,0.0,0.1284673026501204,-3.7330851873527326e-16,-0.5396470012828148
CRI,-0.04019325014416247,0.0754671925510223,-0.032918837439654784,-0.14673612575847372,0.08167454794502936,-0.09122093417253127,-0.11547895081729144,-0.1493784345002726,0.02915505559457701,0.29076822122576507,-0.6269128986973462,-0.7500018738244402,-0.22680729421568038,-0.14618864680986876,1.3475634809787937,0.5048115342192055,3.2137166813128086,1.2206649521676822,-1.3730566983733858,0.0985063984295028,-0.033915351088329056,-0.5428164140716538,-0.23144293801389332
CUW,-0.3554560797923818,-0.4173439379738661,-0.47037573268855304,-0.17902372906370032,-0.5616218603440593,-0.46836901807429404,-0.5967725051043739,-0.19668570517495956,0.0,2.5344489434616367e-16,0.0,-1.295500786861407e-16,0.7911661297336297,-0.06624410194344506,0.2053165035313775,-0.8355905936261724,0.0,0.0,-1.0936687419869822e-15,0.0,0.0,-3.7330851873527326e-16,1.7512268057092633
CYM,-0.2313142987322235,4.506811601240152,0.04098422301791464,-0.17902372906370032,-0.30191275454474104,-0.46836901807429404,-0.22732198953136407,-0.19668570517495956,1.0236924684690092,0.9055999633213221,0.0,-1.295500786861407e-16,1.9723615601303224,0.0,0.0,2.9102958981374106e-16,0.0,0.0,-1.0936687419869822e-15,0.0,0.0,-0.17504689091250197,0.0
CYP,0.10614702120651869,0.8541667518244193,0.26452923057934885,-0.012412099546177767,0.1626459540704279,0.6437297455152045,0.3776932760899126,-0.09903904688894145,0.7193144702227418,0.717120354873573,-0.6183905527863356,-0.4816186982199482,0.5781378756915795,0.0,1.1462076614889893,0.5075177029121694,-0.28905080013388845,-0.6757466746021683,0.9603734099206978,2.2939784508525745,1.2831889890392953,1.6638007248832574,0.2760033247674604
CZE,-0.02076998349724758,0.5187502481254507,-0.06684520094742741,0.05142939191480841,-0.024521465726420357,0.4992258533975137,0.051480208367175276,0.05746409229898994,1.0236924684690092,1.0589275772713787,0.6306065868384462,0.8989501915064195,1.0873349241777397,-0.11440890289899353,-0.1567091158611248,1.036414521712587,0.49962020386960654,-1.7666501279761053,1.9208354070021678,0.4605635804944098,-0.41280843955285995,-0.8790628152811042,0.04046793649625796
DEU,-0.19380419388742834,-0.13178859134165516,-0.396625865818862,-0.1245981707309918,-0.25688678786174995,-0.1602301240121759,-0.35940863036923565,-0.12833418378573289,1.3740810943571544,1.2833296348907428,-0.4488905618895684,0.9784441212370979,1.6824669389636644,-0.1253282870203994,0.210529151427871,1.0141551883097764,0.7013345628778612,-1.2332010065218575,1.1943321015174655,2.817048777766986,-0.62931870197283,-0.5533241546626065,1.0275439137585929
DMA,0.05778765779934037,-0.4173439379738661,0.30674726942915953,-0.17902372906370032,0.0867687982862131,-0.46836901807429404,0.2664354992351629,-0.19668570517495956,0.48926133201335353,0.5703095033737728,-0.32294922787130004,-0.47067916660563464,0.1094351089296894,-0.2145924320106727,0.23930271594208274,2.9102958981374106e-16,-0.03632776618151763,0.0,-1.0936687419869822e-15,0.0,0.0,-1.7406942994866355,-0.36776871392977273
DNK,0.25827174153809584,0.7393841770778959,0.1608480148540237,-0.09634854822149315,0.38122887051882404,0.6812977074728752,0.3354982737630276,-0.021713897662984434,1.749244673590926,1.5951033926847369,2.1163355573246347,1.923619652713787,2.115454769114321,0.0008735622303981764,2.190078634544735,1.6712433244453444,0.6311349618927502,-1.3732314009035977,1.262056985927057,2.484347583437071,-0.3406383232716389,0.371353623353906,1.4696459772781245
DOM,-0.19323519506034145,-0.1082590596567227,-0.3858024659061634,-0.15325052500777223,-0.31116830972073184,-0.32091396351765017,-0.3857217945930285,-0.1607214397553748,0.02561577654520175,0.011381474450746871,-0.5066531286197515,-0.7441674569634729,-0.5847093177116551,-0.2149643294215607,-1.374199222758022,0.2786158072503759,-0.5174305911511019,1.0259560228368816,-0.923609738200647,-0.7759462059189088,1.1749337720371051,-0.12250838760405171,-0.40640738087363354
DZA,-0.29847359678473917,-0.38029077268422445,-0.5279210432112414,-0.1731974421468276,-0.4517928537980427,-0.4359612847879739,-0.5388393943413856,-0.18625210667440872,-1.014932263971108,-0.47836491390898683,-0.7320218315998108,-0.9359739112677702,-0.7122466918086986,-0.21841052746601117,-0.11999583324642256,-0.2506513124487438,-0.8543814577529613,0.0,-1.0936687419869822e-15,0.0,0.18259491133164082,0.4659228893798539,-0.4955767006471653
ECU,-0.31632472539879725,-0.39908313882012053,-0.5939566557182221,-0.1766309363583709,-0.47590521504846756,-0.3725405960553091,-0.5893925952324631,-0.18733669020866528,-0.16904457117043445,-0.09526225587863607,-0.4356335793613296,-0.7098902579052905,-0.39190654728277935,-0.21570688921322587,-0.21399879074685305,-0.009524939477168886,-0.1932910696211145,0.8005737690224622,-0.9790210072630394,-0.8222041259861697,-0.701488818073626,0.7601384280486502,-0.4114686759046185
EGY,-0.10997131971934304,-0.1417903453441649,-0.13886689505996883,-0.14963431253739456,-0.1780127630803776,-0.23296695969816575,-0.30145774546102044,-0.1626470933418,0.1565691013720844,-0.5604040690025363,-0.7272871949825827,-0.9162827543620058,-0.7369110470590615,-0.21924469584660605,-0.43615025682906233,-0.3700388314065803,-0.7454413168278116,0.0,-1.0936687419869822e-15,0.0,0.8501682924345197,1.3065389423150582,-0.5198956060399467
ERI,-0.35122749112225127,-0.4173439379738661,-0.6353423174533781,-0.17902372906370032,-0.5498267126461698,-0.46836901807429404,-0.6739150093683689,-0.19668570517495956,-1.56705979567364,-1.8022723814698747,0.0,-1.295500786861407e-16,-1.0139678432563437,0.0,-1.332629776541505,-1.5624965612835957,0.8475470878602517,0.0,-1.0936687419869822e-15,0.0,-0.23238319215186645,-3.7330851873527326e-16,-0.6400499271007278
ESP,-0.21266092551662083,-0.30042542478670387,-0.3969293651372268,-0.1568943403697283,-0.2611763051394586,-0.24112413760191234,-0.3310565258637377,-0.1434777133033012,0.935210492234629,0.9658666400370007,-0.13735147247595716,0.8114339385919114,1.0683129314292783,-0.14044015624521736,-0.13759790531153793,1.9807134327560993,-0.19546782494901335,-0.4650342716277407,-0.4125947012919163,1.3456910894737277,2.925058808949931,0.40287664548045093,0.3943059525242227
EST,0.2956752925494092,0.039779999054955544,1.3305272200702907,0.0006731417158599308,1.0175546596828553,1.9305111608610375,1.8398100725620776,0.41765512747770805,1.2325099323821462,1.3124642357083127,1.0254752807152725,1.3102765802046086,1.1639423308934382,-0.1839346905158795,0.07604870051413205,1.31933542459247,0.20459883066332266,-0.8304469198239006,0.45551518068556607,0.17323073084584723,-0.1421705684513697,0.7706461686396028,0.044089025624117116
ETH,-0.3468650079685651,-0.3997179127860789,-0.633311368941786,-0.1786387929535049,-0.5450434707050678,-0.46323028009497347,-0.6677984964629365,-0.1955577013197936,-1.531667005179888,-1.4271655771648173,0.03783008236148385,-0.512978688847647,-0.9773924957956047,-0.22144219852818836,-0.03136460003537987,-1.3347387329235278,-0.49163978954230353,-0.827779674216629,0.9850006406150938,0.0,-0.5932336869538535,-0.7739858086642037,-0.6431772313475153
FIN,0.34508816543730253,-0.092344023921046,0.04923697418172856,0.04810248933331663,0.6125434127403022,0.4317686542367395,0.44672852111554623,0.09449822603108958,1.6395270230602947,1.4638692798933517,0.4535311773541139,1.3139230907427129,1.420546351798319,-0.05323559671590514,1.4396569922707099,1.9643064240759878,-0.04647859141023221,-1.6346214704161788,1.8469537149189772,2.5110348450143376,0.020212257412765767,0.5289691332792568,1.0569652629224484
FJI,-0.26300656176452497,-0.4173439379738661,-0.5992468575803654,-0.17902372906370032,-0.4033791616690437,-0.46836901807429404,-0.4831999151074832,-0.19668570517495956,-0.2858407797998161,-0.18841967258617232,-0.49339614609151283,-0.5786158785335281,-0.9086094996065158,-0.22082938838911684,-0.3721994969489538,2.9102958981374106e-16,-0.6730387953946049,0.45383184007720107,-0.20326324038954474,0.0,-0.10608546736955027,-0.5533241546626065,-0.46586731030268447
FRA,-0.21932888746849985,-0.250776417569855,-0.45732143776463446,-0.14870973779926874,-0.31612767116652857,-0.18914018959692644,-0.3966061327530603,-0.1345039123643372,1.2997562343202753,1.1800566063071114,0.3881931920363657,1.4379044490382664,2.013651495078727,-0.06896845773789362,0.5364723013080758,0.9697833918837856,1.8125828066262923,-0.8371150338420783,0.8433940641223133,2.7939198177333555,0.2547649415500191,0.4659228893798539,0.822911229294461
FRO,12.596726588632622,-0.4173439379738661,4.130820871583413,13.284912416999315,10.2769523899674,-0.46836901807429404,4.083449939042837,12.954740927705734,1.5864378373196668,1.5191101666296036,-0.5464240762044679,-0.24240760692029223,1.6223226930550056,-0.06317301473127668,0.0,2.9102958981374106e-16,-0.8107728335278274,0.0,-1.0936687419869822e-15,0.0,0.0,-3.7330851873527326e-16,0.0
GAB,-0.3554560797923818,-0.4173439379738661,-0.6457385601110255,-0.17902372906370032,-0.5526713821349803,-0.46836901807429404,-0.6764176725202141,-0.19668570517495956,-1.2732996345754979,-1.002702122550367,-0.39965034107039576,-0.8134511571874585,-0.9666333866438,0.0,-0.3997934585090387,2.9102958981374106e-16,-0.5864064344042969,0.3738144718590637,-0.37565385525032097,0.0,2.022932571944963,-1.099724569210935,-0.3275663948625182
GBR,0.03346398468576573,0.07895866629204838,0.3333029244155411,-0.08809836648456396,0.036546404411532896,-0.1106548450236238,0.2818541605126478,-0.07610917592624268,1.5793592792209161,1.4406486320820902,-0.15913080091520654,1.0178264350486266,1.8027769439256383,-0.08700286650090969,0.6203244240595164,0.6456477854193496,1.0915013089677956,-0.9077970424347663,0.6648466415879376,2.068915878217633,-0.3947658458903162,0.22424565437319482,1.130909548862936
GEO,0.2776137539970725,2.7403369160881628,0.6054720218963092,0.03771020825503563,0.1323029358427619,0.9125289176598163,0.5122805630608211,0.14973796898855055,-0.07348403683730385,-0.23016528024769375,0.5586401102565786,0.015036037069886163,0.03333624343941723,-0.21704245201525157,-1.4114722834549827,-0.06286115452037087,-0.34515375152014466,0.09508730589921978,-0.517260431743102,-1.2936790805178668,0.8862533076339213,2.220708780094305,-0.5124888328238711
GHA,-0.33715832293261877,-0.4173439379738661,-0.5891750931438382,-0.17902372906370032,-0.5165870713130832,-0.4496985135497275,-0.6070323054894924,-0.1939534652629762,-1.163581984044867,-1.0034822635516616,-0.4469967072426772,-0.6121637754840896,-0.9941978489293091,0.0,0.8091149972668553,-1.029983757209633,-0.4087742735559101,0.4524982172735657,-0.7327487003190726,0.0,-1.0984243280750146,-3.7330851873527326e-16,-0.6118218913994621
GIB,0.11057123839197787,-0.4173439379738661,0.6432375371266982,1.0320775609657882,0.4133241815937742,7.615485939252025,0.17343905484276806,-0.19668570517495956,0.0,0.4781759652839304,0.0,-1.295500786861407e-16,2.325800443151109,0.0,0.0,2.9102958981374106e-16,0.0,0.0,-1.0936687419869822e-15,0.0,0.0,-3.7330851873527326e-16,0.0
GIN,-0.35312556921304605,-0.4173439379738661,-0.6435899218828112,-0.17902372906370032,-0.556746347737052,-0.42794325728323057,-0.6810750528055854,-0.19668570517495956,-1.5422848423280135,-1.673283042445465,-0.7784212704486466,-1.019114351536553,-1.013635259943359,-0.22136632635612613,-0.5568364087253049,-1.2231961354663934,-0.4106824318110602,-0.7530967972130349,0.6956306799559333,0.0,-1.206679502316421,-3.7330851873527326e-16,-0.6467983204753744
GMB,-0.3444438132579733,-0.4173439379738661,-0.6322013962919129,-0.17902372906370032,-0.5462631531731078,-0.46836901807429404,-0.6640237990391274,-0.19668570517495956,-1.1034142402054883,-1.2302780075613162,-0.7680050698907446,-1.0234901641822785,-1.0033686879979613,0.0,-0.9810734080589263,-1.5404238823772578,-0.8689076565679573,1.0606302157314074,-1.0221186609782338,0.0,-0.26846820717084297,-3.7330851873527326e-16,-0.6510366407045732
GNQ,-0.3467814432521586,-0.4173439379738661,-0.6297432186139761,-0.17902372906370032,-0.5434742062685654,-0.16742312562944128,-0.6683262463519175,-0.19668570517495956,-1.0184715430204834,-1.080460974256597,0.0,-1.295500786861407e-16,-0.9766044170916427,0.0,-1.299175739400448,2.9102958981374106e-16,0.0,0.0,-1.0936687419869822e-15,0.0,-0.10608546736955027,-3.7330851873527326e-16,-0.2137078310354013
GRC,0.03969141590900426,0.2402960883391955,0.13001312396566866,-0.11080307294427891,0.15231426686174493,0.22665263623830428,0.14851480091249467,-0.09146907940622519,0.5211148434577303,0.543022567005701,-0.688463174721312,-0.4422363844084194,1.1232858979112124,-0.1868408143096675,-0.32469318428700067,2.8445569410334075,0.1681130851075025,-0.3596780701405269,-0.5418876624374988,0.11007087844631792,3.213738930545144,0.48693817091544617,0.07375726722850863
GRD,-0.21488844657134387,-0.4173439379738661,0.13184812727777726,-0.17902372906370032,-0.5616218603440593,-0.46836901807429404,-0.2962164217091265,-0.19668570517495956,-0.3601656398366954,0.07843126479114523,0.0,-1.295500786861407e-16,0.3194931720292266,-0.17058904183519347,-0.34511573255135003,0.4941237293328416,0.17307289861368094,0.0,-1.0936687419869822e-15,0.0,0.0,-3.7330851873527326e-16,-0.30279485332875444
GRL,-0.08699031046432706,-0.4173439379738661,-0.6457385601110255,-0.17902372906370032,-0.5616218603440593,-0.46836901807429404,-0.6842920607728267,-0.19668570517495956,0.7299323073708672,0.5703253219496428,0.0,-1.295500786861407e-16,0.3569983453526435,0.0,0.0,2.9102958981374106e-16,-0.45790346852540054,0.0,-1.0936687419869822e-15,0.0,0.0,-3.7330851873527326e-16,0.0
GTM,-0.3210713737769566,-0.39939802589195916,-0.5965180665782381,-0.176672197394219,-0.48968780900230285,-0.3898890435570126,-0.6001887898927171,-0.1852009529345788,-0.9016753343911016,-0.8742930102300289,-0.6505860817834869,-0.8389767309541901,-0.8080798638785297,-0.21245134777913907,-0.9401680030115671,-0.9169674537021405,-0.3961956056841282,1.2380020486149446,-1.2252933142070057,0.0,-1.0082117043745178,-1.078709187852186,-0.5080036201541365
GUM,-0.2239578662817365,-0.4173439379738661,-0.40326628803349596,-0.17902372906370032,-0.4699221839648714,-0.46836901807429404,-0.5229422786536536,-0.19668570517495956,0.7157751911733667,0.7679168577721667,0.0,-1.295500786861407e-16,-0.8792474162430235,0.0,0.0,2.9102958981374106e-16,0.0,0.0,-1.0936687419869822e-15,0.0,0.0,-3.7330851873527326e-16,0.0
GUY,-0.3163008589145456,-0.4173439379738661,-0.46524075879451227,-0.17902372906370032,-0.43875064839367367,-0.12876969268425503,-0.5401603760286091,-0.14698877118517853,-0.4309512208241995,-0.47836491390898683,-0.6591084276944975,-0.9476427449897046,-0.590081052330321,-0.19522705612800217,-0.7471468469186007,-1.1563804802191244,-0.8484826401702616,0.6898830763207051,-1.1760388528182129,0.0,0.4712753757348246,-3.7330851873527326e-16,-0.49944468221556026
HKG,0.13126155653273242,0.03068412548005869,-0.2878871152040368,-0.08295759051685751,0.21816259170691923,0.35097013971343693,0.060328035470315074,-0.014226114678376386,0.0,1.1891113377664138,7.6312402890719655,5.888105909741011,1.3542059878541626,0.0015435845932736142,-0.5397828642341634,1.1495211348101988,0.1387882811782131,0.0,-1.0936687419869822e-15,0.0,-0.9540841386342065,0.24526113555510015,1.075975980843709
HND,-0.313085469565061,-0.4173439379738661,-0.594785488315493,-0.17902372906370032,-0.4787619331455655,-0.46836901807429404,-0.6181753433885779,-0.19200935752315562,-0.9689216363292305,-1.1148151401111563,-0.5199101111479904,-0.8134511571874585,-0.8701794835502743,-0.21193879022350334,0.7238581313541125,-0.7998950221048269,-0.6409478123043252,1.5020593637347976,-1.8040332355253275,-1.1878196095947122,-0.8277864569735243,-1.0051552031516768,-0.5660233436800616
HRV,0.6479432961599669,1.2114987302772269,1.8628804655198377,0.31280338511232764,0.9511092524342379,2.071191112502094,1.5568102077847774,0.283725679577399,0.7617858188152443,0.6488923131940332,-0.47445759962260026,-0.3882680284444726,0.722652090285132,-0.16656152699220564,-0.21825122114947168,1.1808717586790989,-0.024173070190957085,-0.9157987792565804,0.27081095047759124,-0.34539171913901967,1.4816568297419825,-0.5533241546626065,-0.19346265091146148
HTI,-0.3519792962763205,-0.4173439379738661,-0.6341989169014027,-0.17902372906370032,-0.5514388803163659,-0.46836901807429404,-0.6714939037222761,-0.19668570517495956,-1.223749727884245,-1.4058437298785003,-0.34188777434021256,-0.7077023515824278,-1.0141984623732927,-0.22129317734695553,-1.9104145464192064,2.9102958981374106e-16,-0.534979675336488,2.855686509424951,-2.7398680019124,0.0,-0.3045532221898195,-3.7330851873527326e-16,-0.6345359959287604
HUN,0.0047635675622203595,0.405224627503554,0.0071479700634867185,-0.08720707180901852,0.07628058316634738,0.970513866630589,0.1624695609476026,-0.009515937411942368,0.970603282728381,0.7570270534469044,0.1457797972342852,1.2307826504739299,0.9437946323437304,-0.07618427577271504,0.04009234160572417,0.5111408758770419,0.42576363042669924,-1.1771888487691613,0.8433940641223133,-0.2164032881822344,-0.12412797478882596,-0.8790628152811042,-0.1644939378885882
IDN,-0.3269710608743875,-0.3863412757517028,-0.5276126799353995,-0.16623464558203482,-0.4806522543532365,-0.42819747395571944,-0.5091619156348253,-0.1756693518768202,-1.0397072173167345,-1.0570595649379224,-0.5303263117058923,-0.7478139675015774,-0.924488670787008,-0.21538688685864663,-0.6909656082792812,-0.39366749893488057,-0.2118465397561279,0.012402692073810782,0.4924560267271614,-1.4048760037564745,-0.41280843955285995,-1.152263072519385,-0.5309234683838814
IMN,0.07110272335643282,-0.4173439379738661,0.45541826301792354,-0.17902372906370032,-0.5616218603440593,-0.46836901807429404,0.10079658923576991,-0.19668570517495956,0.0,2.5344489434616367e-16,0.0,-1.295500786861407e-16,-1.3388110162319475e-16,0.0,0.0,2.9102958981374106e-16,0.0,0.0,-1.0936687419869822e-15,0.0,0.0,-3.7330851873527326e-16,0.0
IND,-0.08080178407483153,-0.06712179956033396,0.10416776533743854,-0.04049334492673923,0.0002621009580565482,-0.06836585013131995,0.1286987172263877,-0.09323671401443569,-1.0644821706623608,-0.9135291278834655,-0.45930676244747026,-0.690928403107147,-0.9205382180029354,-0.21835436447720435,-0.400611082504521,-0.6890617782185701,-0.16044315699969766,-0.5637223590967768,1.138920832455073,-1.5561038193609813,-0.8819140654746195,0.4659228893798539,-0.6035509946415111
IRL,0.2110161911279195,0.34433233949869585,0.6613991662757464,-0.07090079230602338,0.7841475482067367,1.2526046313967925,0.5114602175761054,-0.09107239457440496,1.1688029094933927,1.0169734667404953,-0.009516283810797492,0.6692200276058352,1.0141023664047648,11.408533944990866,0.6688347787421055,1.3293198133327222,1.5654155409505324,-0.914465156452944,0.8002964104071196,1.7726872747099813,0.5614879994353213,0.5815076365877071,1.4421586188984663
ISL,0.7813509393734396,-0.4173439379738661,1.2827488296324836,-0.17902372906370032,1.4836658220625099,0.3204073216238018,1.5335591206593904,-0.08125624829469225,1.816490975529055,1.6617869580966458,2.678810387451337,2.043225198363615,1.692691584771699,0.07855279911548309,1.3672508219149657,1.700369327415943,1.0075836589003906,-1.65862668088162,1.6930335230789981,2.2548371338725848,-0.62931870197283,0.5815076365877071,1.4010098788091576
ISR,0.24488413210067989,0.7879072518444855,0.17600711953336629,-0.07852322948494123,0.3475815207187442,0.0746760730214724,0.09695888024435645,-0.11254187935132848,0.9068962598396275,0.9728427896535038,-0.505706201296306,0.9215585568426674,1.0390843036497532,-0.10755338933357585,0.7156277310441735,1.043122758238983,0.6401181794112367,0.45383184007720107,-1.12062758375582,0.0,-0.43085094697213566,0.9913079224643565,0.7851366858924758
ITA,-0.2223774528908944,-0.2722438621687522,-0.4208203830361835,-0.15804375656407207,-0.3259669380085018,-0.24518496506732593,-0.4024444692204092,-0.15762090607571325,0.4715649367664775,0.49795810242083605,-0.6174436254628899,-0.4429656865160403,0.7597152017986756,-0.1498770809682805,-0.227809442617374,0.9314704769136433,-0.17697207488416108,-0.5623887362931415,-0.12322474063275513,1.6543737483841028,0.7238706535346213,-0.7109396645879573,0.5595592927228861
JAM,0.30379557613147473,-0.2038778302433193,0.8080290710260013,-0.05315242236866815,0.6092724211373322,-0.09496217788002938,0.6330743054451219,-0.1283803021270766,-0.2610658264541898,-0.30087865247421913,-0.5151754745307622,-0.668320037770899,-0.6060869353600395,-0.2058104131169111,0.8067775077367173,-0.5275789576101036,-0.8164255523262542,0.811242751451547,-0.7081214696246759,0.0,0.8501682924345197,-1.5515556676115834,-0.45755526480464415
JOR,-0.17339063262684287,-0.22424952085247607,-0.28848116160145976,-0.16890292536265578,-0.2459129576003272,-0.23192893729043512,-0.3456136450747413,-0.18185686824181413,-0.03455196729417656,0.06380689366577327,-0.5634687680264893,-0.7361451337796429,-0.6609143593587571,-0.2211979873397381,0.21367850856047407,2.9102958981374106e-16,-0.7226122250952096,0.0,-1.0936687419869822e-15,0.0,0.4712753757348246,1.9264932414255087,-0.46553812038197
JPN,-0.32082169865904875,-0.384183423069061,-0.6139171435047798,-0.1728163463605248,-0.5100279203119085,-0.41450609479508177,-0.6248332124520743,-0.18001161911105867,1.455484512492784,1.4880569574681302,1.8275227236737186,0.6816181634353907,1.228395165863271,-0.08281627153153392,-0.43498700672795976,0.8887323813783949,0.7126569589353128,-0.969143691402005,0.5786513341575494,0.0,-0.8638715149337097,1.527200696139812,0.6677393304176784
KAZ,-0.2595555537286,-0.28328403228286164,-0.41281761152365004,-0.1416950053136229,-0.3424342416537003,0.059267403855201295,-0.41059030366580335,-0.11518175849849223,0.3122973795445933,0.7581439619696304,0.7073077000375418,0.11203321738346628,-0.03935396060081921,-0.21350640665593718,-0.8202938504053628,0.3179186929090796,2.634181602602817,-1.739977671903393,2.1732645216197337,-0.8124187967411722,-0.7917014417741227,0.28729189827259777,-0.2361338943840745
KEN,-0.2561582902594727,-0.3793500072009709,-0.3640278468865129,-0.1607691860100202,-0.2787421417380921,-0.3908310592029544,-0.28527748936972674,-0.17966535834716038,-0.21859447786168726,-0.21359957022538612,-0.24530118734875858,-0.5771572743182863,-0.9973506992373546,-0.21877072994945515,0.5226396724277843,2.9102958981374106e-16,-0.5147013105327117,1.2179977065604104,-1.077529930040626,0.0,0.1284673026501204,-3.7330851873527326e-16,-0.6119864863598193
KGZ,-0.24418926534209737,0.1281401976058976,-0.412908392507234,-0.1400361755458871,-0.40207998685516616,-0.1213903564038242,-0.350647968384022,-0.10147915763309964,-0.7707220095642191,-0.7620405186150487,0.14483286991083957,-0.2708503891175075,-0.7854731834084886,-0.2207600912077447,1.22057272838285,0.21316667348961965,-0.37065058216496505,-1.6746301545252473,2.210205367661328,-1.4093238806860187,-0.07000036628773099,-0.24860087540285755,-0.6232612411442899
KHM,-0.3197106622243844,-0.3606294308532201,-0.5517045150587346,-0.1691149947523985,-0.5047885212393318,-0.4352996242743352,-0.5544663775086903,-0.18458727487859247,-1.3865565641555044,-1.1632135129507892,-0.06254421392375265,-0.6158102860221941,-0.9818607785032542,-0.22035652170078096,-1.3907259560533054,2.9102958981374106e-16,-0.8398255420516221,-1.1491827698928132,1.6129950233222095,-1.402207277598748,-1.4592748389348484,-3.7330851873527326e-16,-0.6209569116992886
KIR,-0.28952057709326456,-0.4173439379738661,-0.6457385601110255,-0.17902372906370032,-0.5616218603440593,-0.46836901807429404,-0.6842920607728267,-0.19668570517495956,-1.1918962164398683,-1.3773184477767972,0.0,-1.295500786861407e-16,-0.9779434547862059,0.0,4.078149198855335,2.9102958981374106e-16,-0.8037283098032922,-0.23565114940241433,-0.16632239434794946,0.0,0.0,-3.7330851873527326e-16,-0.6144142620250885
KNA,-0.08692819104274192,-0.4173439379738661,0.3445496811340319,-0.17902372906370032,0.00014821636808861125,-0.46836901807429404,-0.1900619660898089,-0.19668570517495956,0.0,0.8592300060945335,0.0,-1.295500786861407e-16,0.9141332635594038,-0.18883587962865894,-0.18129644492587232,1.5724650323724358,-0.8573154130773541,0.0,-1.0936687419869822e-15,0.0,0.0,-3.7330851873527326e-16,-0.036315612510391906
KOR,-0.32991523619815455,-0.40549490373234887,-0.6264597867949442,-0.17902372906370032,-0.5166261798561472,-0.44764202809035875,-0.656801796416091,-0.19213592627651435,0.0,1.3655990631918806,2.0689891911523537,1.4284235216391945,1.9083080169334738,-0.047100138337633775,0.03430356332264577,2.2376601135634853,1.664283108023304,0.0,-1.0936687419869822e-15,0.0,-0.8999565730743203,0.2557688761460528,0.45150270124836167
KWT,-0.2650972915379698,-0.26800503916942514,-0.5450756716750705,-0.17902372906370032,-0.4237846705563931,-0.46836901807429404,-0.5768855410060184,-0.19668570517495956,1.0732423751602622,1.086767912683746,-0.07674812377543708,-0.4196280190721714,-0.9102233106702157,0.0,-0.4366001465702796,-0.5605765632520557,-0.8566668095393827,0.0,-1.0936687419869822e-15,0.0,-0.9901691967748171,-0.9526166998432265,0.5240479300258127
LAO,-0.3456430472336088,-0.4173439379738661,-0.6336755911576926,-0.17902372906370032,-0.5433736649571802,-0.43054236963142306,-0.6702445763227718,-0.19668570517495956,-1.1565034259461162,-1.1917488712441977,-0.29359448084448564,-0.7448967590710938,-1.0018591733288267,0.0,-0.20042387664091105,-0.9593147013699571,0.0,-0.19830971090061683,0.5047696420743594,-1.4973918438909963,-1.2788495969466125,-3.7330851873527326e-16,-0.5940456356808808
LBN,-0.2168877047631023,-0.2674422644395833,-0.43204004936564167,-0.172476304205135,-0.3218037170490327,-0.46836901807429404,-0.4153435042845139,-0.17110389114150545,0.8962784226915019,0.7985923697210405,-0.7092955758371158,-0.8892985763800324,0.7040644725275151,-0.21647758175956788,-1.0880860074677716,0.08435131196759933,-0.6739119996789998,0.0,-1.0936687419869822e-15,0.0,-0.37672333847104056,1.15943117298066,-0.33731864626368435
LCA,-0.2745114530336986,-0.4173439379738661,-0.04871668298478537,-0.17902372906370032,-0.053604580542822425,-0.46836901807429404,-0.16286224726687795,-0.19668570517495956,-0.3530870817379449,0.026354235905674806,0.0,-1.295500786861407e-16,0.1425706825045747,-0.20355859504045246,0.15689929256627735,-0.9769945625078591,-0.3801837683695287,0.4271593840044883,-0.7389055079926716,0.0,0.0,-1.4885094736237585,-0.3576461238678028
LIE,-0.3554560797923818,-0.4173439379738661,-0.2775327927966791,-0.17902372906370032,-0.14387079857052879,-0.46836901807429404,0.41828614002402525,-0.19668570517495956,1.7209304411959243,1.6061856376828698,0.0,-1.295500786861407e-16,2.1489463956341024,0.0,-1.0972163167529252,-0.13207986305726138,0.0,0.0,-1.0936687419869822e-15,0.0,0.0,-3.7330851873527326e-16,5.793349842162227
LKA,0.14946829237517534,0.013986654958810943,0.5051959017444742,-0.08859310214008287,0.7039906508208401,0.059786278975775625,0.5999466041648698,-0.1469991496598089,-0.8238111953048471,-0.7712540589739378,0.0,-1.295500786861407e-16,-0.8147225447977234,0.0,-1.6102327027550358,-0.8194785761766779,-0.7900976501510872,-0.028939614838893717,0.4370447576647684,-1.2109485696283426,-0.701488818073626,2.3257857867112053,-0.507139496612261
LSO,-0.34498070169859757,-0.4173439379738661,-0.6135456166593193,-0.17902372906370032,-0.5324020328262481,-0.46836901807429404,-0.6650119512421613,-0.19668570517495956,-1.4219493546492565,-1.2676633504112005,-0.2973821901382681,-0.5917433164707044,-1.0088014333793531,-0.2199546148768883,4.623494767603981,-1.2644469315535323,-0.8685850741387644,1.9741618362218067,-2.2103825419828724,0.0,3.1956966800514213,-1.919325200122589,-0.6267177353117919
LTU,0.36446319212708084,1.3674069527261996,1.672460548698198,0.28870376519562346,0.7063791013167967,0.9089777273531082,1.9998548615611367,0.7036191834221079,0.8254928417039978,0.7050677329143944,3.501690231525587,2.3735990531158837,0.994755444075637,-0.2077624328178153,0.11691551342094757,1.139391125752083,0.24881000449013627,-0.5637223590967768,0.04916587422802109,-0.11854999573225972,0.5073603909342262,-0.3431701414288054,-0.08544720817702638
LUX,1.1237786946176123,0.10190122003802347,0.005986855687477861,0.025093190495179354,2.2043594616228086,0.4399236181700212,0.8094999883722275,0.2685324069117572,1.7209304411959243,1.630900999663818,0.9516149494865138,1.6238764864815962,1.6087211671269472,6.364981996087303,-0.5282272852264758,2.9102958981374106e-16,-0.2259162165140279,-0.611732780027659,0.38779029627597505,4.4236219247183906,-0.43085094697213566,1.4221236895229112,3.503545902412471
LVA,0.3465229726129707,0.8065859565507031,1.3527483772035527,0.20187142962295476,0.6810105895261825,0.869735069459882,1.6015616130421495,0.5865864107608363,1.0626245380121366,0.9840936001469152,2.784866247677247,1.9433108096195515,0.8505223572330145,-0.2022865452777642,0.19686658826840675,1.078293580289721,0.5398761639376473,-0.5197128065768015,-0.05549985622316467,-0.2831214421253991,0.27280753503213756,-0.22758539422095225,-0.10680340428337755
MAC,-0.304925028123187,-0.4173439379738661,-0.5758571227359591,-0.17902372906370032,-0.48233726663813936,-0.46836901807429404,-0.5680379979626584,-0.19668570517495956,0.7299323073708672,0.9270061853818093,0.0,-1.295500786861407e-16,1.1008738664807687,0.04354357051543162,-1.3697272768536726,1.1731285529268036,-0.8534765004587033,0.0,-1.0936687419869822e-15,0.0,-1.2608070678763073,0.3608458827629533,2.551981287847209
MAR,-0.12450001370110511,-0.21968621208000716,-0.21388143218446085,-0.14636725784573518,-0.016810893133077216,-0.12261508246979773,-0.021153614103198156,-0.1548876884424852,0.3830829605320974,0.19506954181545205,-0.718764849071572,-0.7492725717168192,-0.7906443586007719,-0.21874639350283662,0.3867929388057146,-0.6611348802052991,-0.3681380385363045,0.1791055425282632,0.06763629724881874,0.0,0.30889255023153916,-0.017431380987151177,-0.5485351291421054
MCO,1.4375915044892595,-0.4173439379738661,2.2931391976232605,-0.17902372906370032,0.27196048177591314,-0.46836901807429404,2.9825237500944533,0.8147754669013071,1.6112127906652933,1.4892658208262648,0.0,-1.295500786861407e-16,2.5100930485801034,0.0,-1.938968791316952,2.9102958981374106e-16,0.0,0.0,-1.0936687419869822e-15,0.0,0.0,-3.7330851873527326e-16,7.052912776295964
MDA,0.7214064100133011,0.3191107763951497,1.4734282043476854,0.3613812848022436,1.0308996883746517,1.0131158661770865,1.8376111083279774,0.5479764059941323,0.1282548689770826,-0.06328461489319741,0.0,-1.295500786861407e-16,0.09452672880264894,-0.21590767461727123,1.6067903392245262,0.023090802604319977,-0.4929959348833198,-1.673296531721612,2.0255011374533534,-1.0472666986211119,-0.917999080674021,0.5079536520973514,-0.5927288759980229
MDG,-0.34274043471880866,-0.40533504705659135,-0.6061025723315312,-0.17272941820818488,-0.5267864442906735,-0.4263557724182907,-0.6140819848992459,-0.18900043705176464,-1.5210491680317622,-1.6920460324837738,0.13820437864672017,0.07192160146431661,-1.0062577859767736,-0.22078789856439587,-1.3584186855701503,-1.4936690324211612,-0.8150537078377287,0.4364947436299377,-0.4310651243127134,0.0,-0.8819140654746195,-0.9841398217929278,-0.6516950205460021
MDV,-0.11068248069375271,0.3917465937142633,-0.1943954647674964,-0.17902372906370032,-0.26291130268131807,-0.46836901807429404,0.10410030832510153,-0.09312780436969989,-0.038091246343551814,0.10168598203674875,0.0,-1.295500786861407e-16,-0.5888349528677458,-0.21418439835668984,0.35234022316911373,-1.1454645570820614,-0.8689076565679573,-0.13429581632610751,-0.04318624087596605,0.0,0.5614879994353213,-3.7330851873527326e-16,-0.3532020599381575
MEX,-0.3117671341455807,-0.370821863296489,-0.5697211891226174,-0.1741469356665401,-0.48003764482200617,-0.41954161098120507,-0.5872601077898407,-0.18656305764639108,-0.05932692063980309,0.20759096368550142,-0.29454140816793123,-0.2686624827946448,-0.24290598117096956,-0.21774495580394163,0.3284169358222219,-0.4412288091194788,0.5151716490222965,1.1779890224513423,-0.8374144307702583,-0.9280635969093244,-0.6473612095725308,0.644553680840797,-0.29793930199821606
MKD,1.9245730099544747,3.7523245834853856,4.928660072818068,0.9513969141862118,2.7143690968223058,2.5497621961721615,3.3520215907765016,0.15297212112492867,0.5671254710996081,0.6694770072829408,-0.19511403920614043,-0.1731239066963066,0.251550621460363,-0.20010507394464722,-0.6889245568029105,-0.05581292822601993,-0.5873869259818004,0.6232019361389242,-0.6403965852150855,-1.0125732585706662,3.502419394948327,-0.2170776536299996,-0.46911806076973983
MLI,-0.3550401206250283,-0.4173439379738661,-0.6449715644104221,-0.17902372906370032,-0.5607516586885019,-0.46836901807429404,-0.6835264809307379,-0.19668570517495956,-1.5175098889823873,-1.4722184499737598,-0.6250190440504549,-0.9337860049449074,-1.0127693137400273,0.0,-0.11404248335778584,-1.3859888193718968,-0.7513443371782897,-0.8451167706638923,0.9480597945734991,0.0,-0.07000036628773099,-3.7330851873527326e-16,-0.6380336388363517
MLT,0.43552482446034513,1.721841176609493,1.2105418390337914,0.007847484257184996,0.8674896731790096,1.4026220322601861,1.1685616823863536,0.07711495275376516,0.8396499579014989,0.8764938978620455,0.0,-1.295500786861407e-16,1.6413190884473863,0.7675963764712856,1.2093023363719462,0.1789487921194898,2.374134849192244,0.0,-1.0936687419869822e-15,0.0,-0.46693596217153727,-0.8475396933314028,0.26596303218566913
MMR,-0.3526809231337324,-0.4173439379738661,-0.6398538161225436,-0.17902372906370032,-0.5549452727735149,-0.46836901807429404,-0.6750981602800629,-0.19598124342273396,-1.5564419585255143,-1.0633397589238598,-0.23015035017362856,-0.6107051712688478,-0.994051205465091,0.0,-1.839912327608011,-1.113474147750457,-0.8687358666798094,0.0,-1.0936687419869822e-15,0.0,-0.9360416312149308,-3.7330851873527326e-16,-0.6191463671353591
MNE,0.3674321941282721,2.450034206782837,1.886863817936682,0.4471848546502463,0.9254814702921823,1.6215384923260228,1.7771107832859603,0.41498803987635274,0.4113971929270989,0.4620532431574574,-0.6221782620801181,-0.5603833258430055,0.2452472331455545,-0.21431168524331937,0.0,0.5992751115391577,0.0,-0.993148901867446,1.2497433705798588,-0.588245799492139,1.9146773549427727,-0.5428164140716538,-0.40365041528764983
MNG,-0.2676389471551573,-0.21829723093075198,-0.47455771670329205,-0.11381881911441218,-0.3936523749112327,-0.38132311331893365,-0.42106783698286115,-0.14573254682901252,-0.9724609153786057,-1.076322237278615,0.49614290690916724,-0.0965471853961118,-0.4982650445946644,-0.21777038466019913,0.029250254096795658,0.9650200970529632,0.9696447340804,-0.9784790510274542,1.0157846789830902,-0.9378489261543218,-0.6654037169918066,0.7601384280486502,-0.5052055058280635
MOZ,-0.35361952474582736,-0.4173439379738661,-0.6409007576197251,-0.17766007258901725,-0.550644318399878,-0.45926688826590406,-0.6784974143934239,-0.19668570517495956,-1.4077922384517558,-1.5199054916183947,-0.6619492096648344,-0.9279515880839402,-1.0084797090642978,-0.22087491307891877,1.0559029804656648,-1.4228541803047308,0.2253984119894321,0.8272462250951741,-0.7450623156662712,0.0,2.54616572084625,-3.7330851873527326e-16,-0.6470452129159102
MRT,-0.3518350942559699,-0.4173439379738661,-0.6323849399229023,-0.17902372906370032,-0.5540466273504382,-0.46836901807429404,-0.6642986063282973,-0.19668570517495956,-1.379478006056754,-1.2987876151116684,-0.37787101263114636,-0.6325842344974749,-0.9990659893509571,-0.21925331352361893,-0.7024773627602078,-1.4437251373567435,0.0,-0.9278013844893004,0.6894738722823343,0.0,4.061737730453002,-3.7330851873527326e-16,-0.6136324359633917
MUS,-0.11335249865160296,-0.1831200701732948,0.0946650007478778,-0.1483323470727704,0.03134141857176905,-0.058651544404468264,0.0873492943613275,-0.10674867953449746,-0.21859447786168726,-0.0524990006515962,0.0,-1.295500786861407e-16,0.08391069359416814,-0.20887556386415124,0.23518764665163863,-0.0835267857322957,-0.8632885531265657,-0.4717023856459184,0.6094353725255451,-0.8506705383352533,-0.1421705684513697,0.12967638834724696,-0.29271341200687384
MWI,-0.3541811347095603,-0.4173439379738661,-0.6386858673918022,-0.17902372906370032,-0.5598437061262227,-0.46836901807429404,-0.6780345731359925,-0.19668570517495956,-1.4077922384517558,-1.5092707792356042,-0.7045609392198876,-0.9731683187564361,-1.0103644674223424,-0.22131732305857185,1.274191598465209,-1.634897340018308,-0.6310198491161682,0.8992618564914974,-0.6034557391734902,0.0,-0.1782555834703462,-3.7330851873527326e-16,-0.6529706314887707
MYS,-0.19772853076578398,-0.28112471346442236,-0.35037834719524746,-0.16627415524199438,-0.25320347517378733,-0.15349600572005206,-0.3181435890861652,-0.14064430126324007,0.7724036559633698,0.6938700235125388,-0.3390469923698757,-0.6398772555736838,-0.24997643850572823,-0.18200434589732029,0.8440122385708835,-0.45118343270943556,3.1646020949594296,0.9179325757423962,-1.1514116221238162,0.0,-1.1705944441758105,1.064861707308399,-0.2667897057506094
NAM,-0.3404532790978147,-0.4173439379738661,-0.6070089963797209,-0.17902372906370032,-0.523958176904719,-0.46836901807429404,-0.6456339910310305,-0.19668570517495956,-1.1069535192548634,-1.0452549480579758,-0.29170062619759435,-0.4590103328837002,-0.8819115490885113,-0.2185198093434847,2.0817053782304,-1.2854227487589935,-0.6162662849653017,2.879691719890392,-1.9456398120181082,0.0,1.824464731242276,-1.835263590415834,-0.475537264223672
NCL,-0.3271434916235472,-0.4173439379738661,-0.6457385601110255,-0.17902372906370032,-0.44315993877029786,-0.46836901807429404,-0.6321822661568542,-0.19668570517495956,0.7370108654696178,0.7986548903343693,-0.6382760265786938,-0.5290233352153068,0.676936838020756,-0.20876951637801175,0.0,2.9102958981374106e-16,0.36136295276506586,0.0,-1.0936687419869822e-15,0.0,0.0,-1.5935864802406592,0.9522828681352473
NER,-0.35509193560259256,-0.4173439379738661,-0.6457385601110255,-0.17902372906370032,-0.5608600574997262,-0.46836901807429404,-0.6836218472682413,-0.19668570517495956,-1.5387455632786382,-1.761736755253164,-0.8011475262113417,-1.0781878222538461,-1.0104574517797666,-0.22137890039291083,1.2193490391729112,-1.5973438820531185,4.516665728302454,-0.7184226043185081,0.8741781024903091,0.0,-0.6112761943731292,-3.7330851873527326e-16,-0.6538759037707355
NGA,-0.3453707149060779,-0.40774293274288304,-0.6125622032955855,-0.17839469812460768,-0.5354591638019995,-0.455773059683332,-0.6387773413486086,-0.19197507140882963,-0.2539872683554393,-0.1486905588214919,-0.434686652037884,-0.7186418831967414,-1.0135339326099646,-0.22030600993511815,-0.8186697217838086,-1.2413822314805136,-0.6705978834319903,0.4791706733462775,-0.6527102005622835,0.0,-0.1782555834703462,-3.7330851873527326e-16,-0.5600156276270226
NIC,-0.2953549245879224,-0.3686919569574173,-0.5100384439286625,-0.14077323269850478,-0.43332206933269635,-0.3832642551042621,-0.49466259772973603,-0.1655501472444483,-1.0503250544648601,-1.1380920000814116,-0.5956642970236405,-0.8054288340036286,-0.8780929754837898,-0.22129714815150922,-0.03434938556242416,2.9102958981374106e-16,-0.832540083169401,1.02328877722961,-0.9728641995894404,-1.033923067832479,-0.5751910932913098,0.09815336622070202,-0.582729732156321
NLD,0.26872398907697004,0.30514503103673896,0.15623212518922866,0.07035328166309192,0.505329608471422,0.7337993817414212,0.5282994214110975,0.09652298294411821,1.7280089992946748,1.4797492067836333,0.9819166238367738,2.089171231143732,2.058854779118351,2.1261288638053775,0.577459991883865,1.5477360856251148,1.0066177356990311,-1.51859628649988,1.5021724851974236,2.4985807896116135,-0.2865107147705438,-0.017431380987151177,1.1593433282646484
NOR,1.1927174799265197,-0.020057063142566563,0.314625719668531,-0.04515967367593238,2.1234383783091886,1.7654193846696462,1.3250631296841868,0.08662103195520206,1.766941068837802,1.6122174738212085,1.3597406258915787,1.3642449361685554,1.9122319688455671,-0.11463360663185027,1.5451935512203596,1.477372567490646,1.0874562978833462,-1.7973234524597246,1.7669152151621887,3.9717176286766884,-0.917999080674021,0.7811539092305555,2.4041750134464124
NPL,-0.1489015100601979,-0.13732637475226633,0.07839700570449046,-0.07302481762071623,-0.13880099057560485,-0.17810391320776175,0.17613690149485065,-0.05597942163148822,-1.1281891935511146,-1.213806060802749,-0.2831782802865837,-0.6427944640041675,-0.9470328695300427,0.0,0.08760427952181955,-1.0190924036024465,-0.810237775210501,-0.8717892267366042,1.1635480631494701,0.0,-1.0442967623347033,-3.7330851873527326e-16,-0.6385274237174234
NZL,0.32201350494927483,1.0245802157157158,0.8106460175729956,0.07862398119787171,0.49616112492271097,-0.06709492902203026,0.6416734391828698,-0.04568521370461442,1.3316097457646519,1.3059114052785568,0.18649767214244728,0.642235849623862,1.3207002124321725,-0.048153118219046415,1.0353595545323413,1.645294726591142,0.037351759225137976,0.0,-1.0936687419869822e-15,0.0,-0.5210635706726324,0.7391231465130579,0.8856630579306567
OMN,-0.30359471084468237,-0.4173439379738661,-0.5202264826672652,-0.17060021914013965,-0.4666879795251449,-0.4121438013940233,-0.5798917401025814,-0.19668570517495956,0.7547072607164937,0.8048047301666269,-0.6032397156112056,-0.04476673575502783,-0.6743289831348288,0.0,0.24837271780597256,-0.49717072753763436,-0.4610556544302697,0.0,-1.0936687419869822e-15,0.0,-0.23238319215186645,-1.4990171643031331,-0.024793965285385494
PAK,0.11801192622810598,0.17696213667453783,0.5772207632921629,-0.028357853598076677,0.1332016410756926,-0.18200582679314306,0.5665060439414114,-0.09718291950830127,-1.2131318907361195,-1.19888271081755,-0.6695246282523994,-0.8914864827028951,-0.9324241276231292,-0.2207511337139812,-1.1462589778440362,-1.243433849892099,-0.7356834858673046,-1.1585181295182625,1.705347138426196,-1.4858273638741812,-0.5932336869538535,0.9808001818734039,-0.6098467518751753
PAN,-0.2722797182630029,-0.3423612441703231,-0.48539655751460087,-0.1593731061453147,-0.371794991287287,-0.33720510403909887,-0.4268267332033251,-0.1678939323401025,-0.08056259493605436,-0.014471836599364766,-0.5606279860561524,-0.6398772555736838,-0.41896185182967777,-0.2003484807827527,-0.6926117144593039,-0.08085514692374965,-0.8688636455403795,1.5100611005566118,-1.8840717352821164,-0.03581948484273555,-0.7556163406923032,0.8231846719480531,-0.1228102641781186
PER,-0.3196079661361328,-0.37967675501220044,-0.5932079026747996,-0.1740880326649753,-0.4756998027603844,-0.41071567006282494,-0.589037529670884,-0.18101701756467214,-0.21151591976293677,-0.3820580796687335,-0.7149771397777895,-0.7237469979500877,-0.5813606883661917,-0.2141091153291564,-0.4900817866793388,-0.008217165978673504,-0.4224304892629455,0.6352045413716452,-1.1452548144502166,-0.6389515964889442,-0.773658934354847,0.854707694074598,-0.4167768633761393
PHL,0.104300433125719,-0.2798092994189528,0.7632860590605898,-0.10310223905231697,0.17749734569607623,-0.22010755452380523,0.5579718331353877,-0.14949343144590324,-0.2893800588491913,-0.38919191924208546,-0.6818346834571926,-0.8652316068285427,-0.7958409248659347,-0.21689691935264827,-0.62865001243931,-0.20315882856797168,4.131791108115548,0.4885060329717269,-0.31408577851432956,-1.2643230927828744,-0.25042569957114214,2.378324290019656,-0.5493581039438916
PLW,-0.3554560797923818,-0.4173439379738661,0.0011774468904678813,-0.17902372906370032,-0.5616218603440593,-0.46836901807429404,-0.6842920607728267,-0.19668570517495956,0.0,2.5344489434616367e-16,0.0,-1.295500786861407e-16,-0.617654501086857,0.0,1.6028453356549088,0.8662939909629679,1.0328598207242536,0.0,-1.0936687419869822e-15,0.0,0.0,-3.7330851873527326e-16,-0.07816388118121875
PNG,-0.3535159461609206,-0.4173439379738661,-0.6439498338721084,-0.17902372906370032,-0.5575630304621696,-0.46836901807429404,-0.6825066364862848,-0.19668570517495956,-1.3688601689086286,-1.5591416092718313,-0.44320899794889457,-0.787925583420727,-1.000891239565268,0.0,1.5550097491916615,2.9102958981374106e-16,-0.5435680382186098,0.6005303484771194,-1.0405890839990308,0.0,-1.0803818204753137,-3.7330851873527326e-16,-0.5772158009843535
POL,-0.061486892226374705,0.09435168587305574,-0.14693184063159742,-0.024606181396758114,-0.04149379036474051,0.36568891893414945,-0.03135639066762564,0.07024969097487377,0.6237539358896111,0.5844701749268769,-0.1117844347429252,0.4803307817320216,0.4122692670792272,-0.15620921302431498,0.141228382539095,1.2470013409537224,-0.04176444055115854,-0.9731445598129119,0.9603734099206978,0.10829172767450024,0.1284673026501204,-0.26961615693844987,-0.15453594278697552
PRI,-0.25298639157321784,-0.4173439379738661,-0.44545582692165053,-0.17902372906370032,-0.4244248670272101,-0.46836901807429404,-0.5183265386719716,-0.17587650852826006,1.0166139103702592,0.9936589672058831,-0.5682034046437173,-0.11040392544090905,0.23457610894175537,0.0,1.0023005938265062,1.8276798902225013,0.0,0.0,-1.0936687419869822e-15,0.0,1.0486361331372067,-3.7330851873527326e-16,0.4885777160688287
PRT,0.23164726341128977,0.33762194067718493,0.21680944019545026,-0.08009723455492453,0.41086359678430534,0.7760693642277828,0.3396928737402556,-0.07403952272768377,0.5989789825439849,0.6071522178503502,-0.23677884143774797,0.9434376200712945,0.9203915265760761,-0.16620484651978443,0.31032088776007766,1.0196265870183385,-0.43683894800557754,-0.4450299295732066,0.012225028186426342,0.3547041095712551,1.0305935398355133,-0.2380931348119049,0.12223048305371416
PRY,-0.32629405883432205,-0.4173439379738661,-0.5878297647066003,-0.17319406720981206,-0.4583775442381022,-0.390545404673262,-0.5913961549383838,-0.19099135477592463,-0.2929193378985666,-0.2578723102369494,-0.4621475444178072,-0.8652316068285427,-0.8125011975998374,-0.21917777033367028,0.2235056958597085,-0.23070284765278448,-0.3335754158859339,1.6394225125092667,-1.5885449669493565,-0.20928668509496362,-0.7195313256733268,0.09815336622070202,-0.49746954269127347
PYF,-0.2762566342603979,-0.4173439379738661,-0.5970593955993695,-0.17902372906370032,-0.5616218603440593,-0.46836901807429404,-0.6357027570120177,-0.19668570517495956,0.4113971929270989,0.46188262347307346,0.0,-1.295500786861407e-16,0.3254560566454747,-0.21248994598463614,0.0,2.9102958981374106e-16,0.5275750225476622,0.0,-1.0936687419869822e-15,0.0,0.0,-1.5620633832992852,0.0
QAT,-0.1250109557292552,-0.025597976304288533,-0.2208160358498799,-0.14480226646092703,-0.27236212882442673,-0.3541583656637864,-0.35104067617036583,-0.17997212882360528,1.420091721999032,1.4721989810455238,-0.1742816380903366,0.07119229935669559,-0.26768841550324507,0.0,-0.5524029243713231,-1.0191378711177417,-0.8642901278084805,0.0,-1.0936687419869822e-15,0.0,-1.4773173625923965,2.1261397147654395,2.397467768811855
ROU,0.49066621396419213,0.5711344453730011,1.286360275983508,0.16502615815102975,0.7474349471780137,0.8689830051522621,1.389005491491186,0.35683179121102604,0.16364765947083465,0.14810034206450176,2.1958774524940674,3.438380130242401,0.3844431977494817,-0.18416081263637765,-0.886785131874139,0.5120849100723515,-0.16195712321148806,-1.5906119178962035,1.5083292928710237,-1.0303647662888435,-0.26846820717084297,-0.3221546602469001,-0.2993795079013418
RUS,0.13788092776164482,1.1971979250152485,0.27537818222977145,0.06178351871849955,0.11850944465978061,1.1681615995990313,0.2915533901642623,0.1973910573313739,0.5742040291983583,0.7775475429796517,1.5292406167883459,0.761112093166069,0.3057376911523545,-0.17467271164397716,-0.22005104019729738,1.553974336199434,0.21028424335179496,0.2951307264445627,-0.3263993938615276,0.3547041095712551,-0.6112761943731292,1.9159857015316384,-0.28999759516097945
RWA,-0.3516471933004634,-0.4173439379738661,-0.6387152756334299,-0.17902372906370032,-0.5483413126716111,-0.46836901807429404,-0.6702714214991696,-0.19668570517495956,-1.290996029822374,-1.19888271081755,-0.24151347805497608,-0.3919145389825772,-1.0123815316953921,-0.22140072549589407,0.2591161669334459,-1.3591825322261044,0.25245330666755583,1.475386907662085,-0.7635327386870683,-1.6379447548645965,-1.4231897862069955,-1.1207399504646067,-0.6399676296205492
SAU,-0.28860314038962737,-0.3615174004871916,-0.5328478034496988,-0.17414693135377207,-0.4615124231319185,-0.41954156910942314,-0.5793808955190902,-0.19311300298347314,0.5423505177539816,0.6422270170700192,-0.47635145426949155,-0.34596850620246034,-0.23606029263495792,0.0,0.3193963837392359,0.8355019444157147,-0.81459449940939,0.0,-1.0936687419869822e-15,0.0,-0.5210635706726324,3.27147884626331,0.17416019304642164
SEN,-0.34916571386216194,-0.4173439379738661,-0.6341396244404962,-0.1765087658339986,-0.5403639261103631,-0.46836901807429404,-0.6620275910113406,-0.19422911640025076,-0.8592039857985992,-1.067253949383971,-0.4829799455336109,-0.6785302672775917,-0.9606506698987956,0.0,0.572993540643482,-1.3649081615503222,-0.5338988059604779,0.1217597619719316,-0.22789047108394145,-1.5979138624986977,0.27280753503213756,-1.6986634868575596,-0.6311617992414371
SGP,0.5582465156493001,0.26548656038749147,0.6288455509674404,-0.05513626586350105,1.2362952675729177,1.2314184571342839,0.7853543892252774,0.07222969215219464,0.9847603989258821,1.0876198800354009,6.631285035513383,6.00114773642225,0.9994123525342955,2.782491625663182,-0.9057096621208238,2.9102958981374106e-16,3.5775054519122116,0.0,-1.0936687419869822e-15,0.0,-0.9901691967748171,3.187417320828315,1.5056922735963587
SLE,-0.3554560797923818,-0.4173439379738661,-0.639408557390123,-0.17902372906370032,-0.5592279404815618,-0.46836901807429404,-0.6800798490892487,-0.19668570517495956,-1.5387455632786382,-1.7517552777523382,0.0,-1.295500786861407e-16,-1.3388110162319475e-16,-0.2213277118751381,-0.9849142785831223,2.9102958981374106e-16,-0.8663356384554495,-0.7184226043185081,0.9111189485319043,0.0,-0.9360416312149308,-3.7330851873527326e-16,-0.6400910758408171
SLV,-0.24009215622707383,-0.17394092008509573,-0.46243562776488184,-0.1598872292613915,-0.32027635059881,-0.46836901807429404,-0.37935112926524267,-0.16553182981118,-0.7813398467123446,-0.8808891248747043,-0.5009715646790779,-0.7332279253491594,-0.6376785019358716,-0.21205810886244372,-0.6245402600346092,-0.4857895057705353,-0.4556635453065915,0.32847129653545315,-0.43722193198631293,-0.9930026000806712,-0.41280843955285995,-1.9508483026330439,-0.4951240645061829
SMR,-0.11935745110269944,-0.4173439379738661,-0.6457385601110255,-0.17902372906370032,-0.06769497115492414,-0.46836901807429404,-0.6842920607728267,-0.19668570517495956,0.1990404499645867,-0.07173605822791669,0.0,-1.295500786861407e-16,1.7730753344665822,0.0,-1.1917625694411123,0.7837702119125861,0.0,0.0,-1.0936687419869822e-15,0.0,0.0,0.39236890488949827,1.3729464380682492
SOM,-0.35000913165858477,-0.4173439379738661,-0.6356948199366899,-0.17902372906370032,-0.5559242538771512,-0.46836901807429404,-0.6730137111503354,-0.19668570517495956,-1.5458241213773887,-1.7781504841737412,0.0,-1.295500786861407e-16,-0.9653741463308305,0.0,-1.79886969313605,2.9102958981374106e-16,0.0,0.0,-1.0936687419869822e-15,0.0,-0.2865107147705438,-3.7330851873527326e-16,-0.645934196933499
SRB,-0.3554560797923818,1.3821266599145694,3.2779854140447644,0.41268206548427383,1.605132453563256,1.4618455276019262,2.728056106075768,0.4508165314866298,0.2238154033102132,0.48887763064158474,-0.5871419511126299,-0.23438528373646234,0.15903224927080215,-0.19486860698723257,-0.07085989729894868,0.7102889750152401,-0.5266213586956285,-1.375898646510869,1.3174682549894494,-0.7492589443416431,2.4739956904474467,-0.10149290642214638,-0.4570203311834831
STP,-0.3554560797923818,-0.4173439379738661,-0.5741847709463731,-0.17902372906370032,-0.48043988534274534,-0.46836901807429404,-0.612870358452408,-0.19668570517495956,-0.7848791257617199,-0.9198693706073197,0.0,-1.295500786861407e-16,-0.9723021827891041,-0.22132178881019315,-0.37245184819821137,-1.2680894006061918,-0.7962969710486877,-1.1411810330709997,1.2004889091910655,0.0,0.0,-3.7330851873527326e-16,-0.5956504365443638
SUR,-0.3554560797923818,-0.4173439379738661,-0.3663376146771505,-0.10742718751182267,-0.5039860827280381,-0.46836901807429404,-0.4814664775092413,-0.19668570517495956,-0.27522294265169056,-0.3155768377943484,-0.6411168085490306,-0.8222027824789093,-0.3712620464140934,-0.20000803680832122,0.0,2.9102958981374106e-16,1.0864894728166676,2.431594457868824,-1.0936687419869822e-15,0.0,-0.5210635706726324,-1.8142481966579984,-0.29695173223607263
SVK,-0.09981604282794457,0.07863969797688757,-0.14105459767256523,-0.11403281513525323,-0.13435659465527258,-0.034567876859381313,-0.08848347208675732,-0.10498887741939178,1.1581850723452671,1.1916495971227306,0.33989989854063873,0.6429651517314828,0.6318862691204257,-0.11731251511631503,-0.2472006072288294,0.5001107375617024,0.07518055422708585,-1.7679837507797407,1.3482522933574446,0.6117913960989163,0.8682108857362133,-0.8895705558720569,-0.01129717853609227
SVN,0.3444327882238166,0.16102057584938054,0.9808789850097633,0.04833319772232978,0.7500509290347771,0.6698019380007458,1.1741431099685589,0.2659804977835962,0.9741425617777565,0.766443721683729,-0.1117844347429252,0.500751240745407,1.0040625916467845,-0.1229923348937567,0.6068044538497461,1.728993470316921,-0.26208949136969234,-1.8386657593724285,1.8469537149189772,1.0539103628956208,0.18259491133164082,0.12967638834724696,0.18366555200705192
SWE,0.6843353128945419,0.3115619872665362,0.24655088495661245,0.004040447484432375,1.1779624345145863,1.3113784499714234,0.7503184740287844,0.036551381665453846,1.7563232316896764,1.3910648801275067,1.7991149039703498,2.469866931321843,1.5536308091486488,0.10539396485862387,1.734993791702476,0.8863507339629835,0.4742493301666294,-1.6079490143434665,1.3975067547462379,2.6097777128502213,-0.08804295976984945,0.16119961012010495,1.3997754166064784
SWZ,-0.32074908545532793,-0.4173439379738661,-0.6030739309875742,-0.17902372906370032,-0.5132163336015094,-0.46836901807429404,-0.6417061896898245,-0.19668570517495956,-0.7247113819223414,-0.7572017108511435,-0.6562676457241606,-0.9636873913573645,-0.9838776117722806,-0.17874826179585154,2.239367891040785,-1.4493070014678673,-0.8580097998977826,1.610082810829283,-1.496192851845369,0.0,2.4920379409411693,-3.7330851873527326e-16,-0.5391532164017431
SYC,-0.3554560797923818,-0.4173439379738661,-0.21566803057238174,0.22506365020416336,-0.39897510473354697,-0.46836901807429404,-0.2550154327131666,-0.19668570517495956,0.18488333376708593,0.23211905096350555,0.0,-1.295500786861407e-16,-0.05886698047522817,-0.19654858303004447,-0.5208527087333362,-1.4025926971750886,-0.5531318426094027,0.9926154527459912,-0.6219261621942878,0.0,0.0,-3.7330851873527326e-16,-0.011173732315824345
TGO,-0.3484126444424339,-0.4173439379738661,-0.6420278355599602,-0.17902372906370032,-0.5468867382854846,-0.46836901807429404,-0.6731804368865195,-0.19668570517495956,-1.4396457498961326,-1.5869635836079046,-0.6695246282523994,-0.966604599787848,-1.0006082741829863,-0.22141876897263468,0.15487446280405665,-1.2531660583309798,-0.8301660744410257,0.885925628455142,-0.9851778149366385,-1.6379447548645965,-0.2865107147705438,-3.7330851873527326e-16,-0.6460987918938562
THA,-0.32103056319096995,-0.37343692893154723,-0.5642990407474465,-0.16694173958275424,-0.504191576445896,-0.44532763862471275,-0.583852041853329,-0.17870238142988673,-0.5760616618485829,-0.4385535683755445,-0.008569356487351886,0.4095884772927942,-0.40428214096474685,-0.17234195981532296,-0.2359631821043266,0.48298421880460524,1.0565267372338734,-0.20364420211515918,0.307751796519186,-0.5651168394585085,-1.3690622206471093,1.2960312017241056,-0.42932722910337845
TJK,-0.33892406899418903,-0.348317435808537,-0.6072328132559245,-0.16997888335541553,-0.5270362945112097,-0.37781025924548756,-0.6426545060490705,-0.19226825182805182,-1.032628659217984,-1.1639268969081245,0.8048412143524415,0.13901739536543947,-1.0087311072380776,-0.22146148363920926,-0.29502494263509355,-0.6651086676439748,3.0650957282938016,-1.1491827698928132,1.4529180238086303,0.0,0.43519018913143753,-1.4780017829443841,-0.6305445681400975
TKM,-0.3540690952756625,-0.4173439379738661,-0.6303936234359012,-0.17902372906370032,-0.5558186164190264,-0.46836901807429404,-0.6638699138879177,-0.18964410238895058,-1.2591425183779972,-1.3060053440014074,0.0,-1.295500786861407e-16,-1.0109321792919872,0.0,-0.8265929569897963,-1.3405385201960784,-0.4022232254665306,0.18577365654644185,-0.17863600969514806,0.0,0.3630201587326343,-3.7330851873527326e-16,-0.38258226036192383
TON,-0.3554560797923818,-0.4173439379738661,-0.5156413702014455,0.18768797687721095,-0.5616218603440593,-0.46836901807429404,-0.5544350276384428,0.1615143073459437,-0.3601656398366954,-0.2358315313629528,0.0,-1.295500786861407e-16,-0.8859507001067475,0.0,-0.36049020452476543,2.9102958981374106e-16,-0.6451008281218701,-0.1703036320242687,0.09226352794321542,0.0,0.0,-1.8667866999664486,-0.5063165218104748
TTO,-0.17861211444426056,-0.4173439379738661,-0.2075601742662863,-0.17902372906370032,-0.30727162009210046,-0.46836901807429404,-0.28760807990843706,-0.11251490987013212,0.6591467263833632,0.6273256678460645,-0.43658050668477527,-0.2584522532879521,0.3692195510192007,0.0,-0.778664095670186,2.9102958981374106e-16,-0.8594734563490583,0.1190925163646609,-0.5726717008054945,0.0,-0.8097439493738235,-1.4149555890616363,0.1725965409230279
TUN,0.5165716094663403,0.056124265494112265,0.7885771774609379,-0.034262287479517727,1.527668012112765,0.7739565245840287,1.3820454993058884,-0.09905140225235567,-0.04870908349167758,-0.11026464202916035,-0.6344883172849113,-0.8564799815370918,-0.6760784332038828,-0.2199920573031479,0.923233076747332,-0.25106661270395947,-0.4032337540595818,-0.4757032540568254,0.1846156430472031,0.0,0.8682108857362133,1.2855234611331527,-0.5093203798369944
TUR,-0.2697168681674209,-0.31212286357886576,-0.5363813381567731,-0.16819063094783615,-0.43774786959616147,-0.3631926867384712,-0.5596178182764557,-0.17600338442319272,0.03977289274270252,0.07611202287033814,-0.4886615094742847,-0.236573190059325,-0.1330416246588316,-0.2142292316932585,-0.9290787966395992,1.56743237052929,-0.6653797994465654,0.10708991113193986,-0.3633402399031229,-0.36585195301492324,0.1284673026501204,0.24526113555510015,-0.29296030444740967
TZA,-0.3536781317567997,-0.4173439379738661,-0.6394339540386941,-0.1783128841310074,-0.555041150336577,-0.46836901807429404,-0.6754819057443305,-0.19529701433446403,-1.443185028945508,-1.6499145791954155,-0.40249112304073265,-0.7222883937348458,-1.0016364402294813,-0.22144571910019645,-0.5894564690178551,-1.518181628496288,-0.6110075602145152,-0.21297956174060856,0.5786513341575494,-1.641503056408232,-0.9721266891751162,-1.6776480804904832,-0.6340833597877781
UGA,-0.34273503149178747,-0.40992353147518434,-0.6153829552106994,-0.17902372906370032,-0.5267902782759037,-0.4553888258942539,-0.6316121281900031,-0.19478618504721715,-1.0255501011192338,-1.155327066500052,-0.4469967072426772,-0.7755274475911716,-0.9921960045428623,-0.22120062300431967,-1.2920645029357998,2.9102958981374106e-16,-0.6387117104688698,0.21778060383369602,-0.04318624087596605,-1.5774536286227938,-0.845829007514434,-3.7330851873527326e-16,-0.6408317531624247
UKR,1.0563748296537452,3.900747733870662,3.665360584970022,0.9763355051005558,2.0054510359331634,4.041414266108814,3.120741106549075,1.1704382269214508,-0.11949466447918165,-0.0838635855026154,1.1807713617603552,0.6378600369781364,-0.31376083367708835,-0.21119750691431233,1.161011497191088,1.7035417322852684,-0.25520982853127155,-2.0387091799177717,2.4749480976260916,-0.7554859720430049,-0.1421705684513697,2.987770847488384,-0.5861450775837336
URY,0.1921045821468817,0.538305716999187,0.21045177568978446,-0.07656857088341273,0.6205514282591695,0.5194393854226502,0.18241130026831368,-0.06324959059830003,0.4574078205689767,0.46330190977349117,-0.22068107693917233,0.6524460791305544,0.8382368088439076,-0.20958712866319873,-0.10998209678316051,2.9102958981374106e-16,-0.12161338987872454,0.29646434924819803,-0.7635327386870683,0.3555936849571641,-0.26846820717084297,-0.2591084163474972,-0.027509782131279862
USA,0.09721185081892146,0.07469686984240746,0.4792606396729877,-0.08539693131956559,0.22061286207824665,-0.0032975041662233026,0.2060785875902529,-0.09885157946767494,1.3811596524559049,0.8182104285477587,0.08328259388687381,1.2220310251824793,1.2710363906883015,-0.11110530025627831,0.3666281058644125,1.8820782612871063,0.9223828693482018,0.2244487178518747,-0.8189440077494612,0.0,-0.41280843955285995,-0.02793912157810384,1.6289738989039273
UZB,-0.32209653587194825,-0.2692216685753908,-0.5663233592325264,-0.16349644014891326,-0.5012071774087676,-0.41654826795601996,-0.6004414587066601,-0.18531053966946762,-0.24690871025668878,-0.31428660372188855,-0.5009715646790779,-0.8834641595190652,-0.8033335362119765,0.0,0.0,-1.3016379272691352,0.0,-0.5477188854531487,0.6094353725255451,0.0,0.3810627520343278,-3.7330851873527326e-16,-0.5809191875923914
VCT,-0.2868745487271573,-0.4173439379738661,-0.13990295305414047,-0.17902372906370032,-0.41814681145083926,-0.46836901807429404,-0.3056156771525628,-0.19668570517495956,0.24151179855708924,0.005666101142953751,0.0,-1.295500786861407e-16,-0.00010808717346211201,-0.195483160286605,0.2905456360413333,2.9102958981374106e-16,-0.863399961953607,0.0,-1.0936687419869822e-15,0.0,0.0,-1.9403406017612,-0.3877258528730874
VEN,-0.1972601321822551,-0.3508922934173753,-0.34168132221945396,-0.15787706337501428,-0.1926182735557727,-0.25249301202218594,-0.20372009232646637,-0.16266433233283367,0.3441508909889701,0.3658981795706671,-0.7632704332735165,-0.959311578711639,-0.42786962932011524,-0.210654918829477,1.272408262311886,1.4854182640249873,-0.7623865219847616,1.0086189263896181,-2.0010510810805004,0.0,0.020212257412765767,1.7793852713940281,-0.17749693975680975
VGB,0.13662462644844767,-0.4173439379738661,-0.19205967093060458,-0.17902372906370032,-0.046896523362700525,-0.46836901807429404,-0.6842920607728267,-0.19668570517495956,0.0,2.5344489434616367e-16,0.0,-1.295500786861407e-16,0.6727629721639948,0.0,-0.1079572670209403,0.8918235387862403,0.0,0.0,-1.0936687419869822e-15,0.0,0.0,-0.9736321812352855,0.0
VIR,0.14074707111536638,-0.4173439379738661,-0.253613171867849,-0.17902372906370032,0.4764531174477178,-0.46836901807429404,0.48991253754336983,-0.19668570517495956,0.0043801022489504795,0.11513976677690875,0.0,-1.295500786861407e-16,-0.37196676401893125,0.0,0.0,2.9102958981374106e-16,0.0,0.0,-1.0936687419869822e-15,0.0,0.0,-3.7330851873527326e-16,0.0
VNM,-0.2289404411150647,-0.2779462716846338,-0.39507522145906504,-0.15577623487125608,-0.3178331826081894,-0.2494652399243821,-0.3849921424819501,-0.15491938912942266,-0.04516980444230232,0.039551839116376115,0.6912099355389664,0.16016715648644556,-0.5255330357892672,0.0,0.9587943597692159,-0.4192405613591273,1.6690862702564595,-0.23831839500968502,0.09842033561681446,-1.1460095664569956,-1.1164668786159242,-3.7330851873527326e-16,-0.5817833111342668
VUT,-0.29967650210939695,-0.4173439379738661,-0.5943120023835948,-0.17902372906370032,-0.5032754111542754,-0.46836901807429404,-0.5816288100840197,-0.19668570517495956,-1.1989747745386188,-1.0436715998552017,0.2897127503980206,0.0019085991327099465,-0.8808818912006999,-0.220808511753122,0.1948527472854202,2.9102958981374106e-16,4.217106379904773,-0.2916633071551106,0.16614522002640547,0.0,0.0,-3.7330851873527326e-16,-0.5444202551331746
WSM,-0.04522639236020214,-0.4173439379738661,-0.288214229662569,0.02253075074676388,0.16851635972718237,-0.46836901807429404,-0.18468197396089378,0.00019052217783070184,-1.0574036125636106,-0.9346806137303915,0.0,-1.295500786861407e-16,-0.9347955215435257,-0.2133909683208104,0.32290785042066006,2.9102958981374106e-16,-0.7114684390821252,0.44182923484448,-0.06781347157036273,0.0,0.0,-3.7330851873527326e-16,-0.5038475974051163
YEM,-0.34941647929605024,-0.4173439379738661,-0.635108222547781,-0.17616998771171036,-0.5547300077983002,-0.46836901807429404,-0.6762077070821667,-0.19529195339194594,-0.891057497242976,-0.9456487269260341,0.0,-1.295500786861407e-16,-0.9115682115709707,-0.22131262515488795,0.00268205093546281,-1.2590240080039627,-0.7549596628715312,0.0,-1.0936687419869822e-15,0.0,1.6079542972378953,-3.7330851873527326e-16,-0.6135089897431237
ZAF,-0.27176135983826705,-0.3357095236939678,-0.4749675184389357,-0.16975306878190285,-0.429584977801815,-0.3874493161463981,-0.5297454672025839,-0.18136104638207057,0.13179414802645786,0.010984939264678124,-0.5473710035279136,-0.6559219019413438,-0.7721902678009592,-0.19497280668443495,0.8233591854768706,-0.8622063591119326,-0.31719327201159153,3.201094815566577,-2.4381844259060412,0.0,2.9972288393487334,-1.2468323383351794,-0.434470821614542
ZMB,-0.3468827217938552,-0.4173439379738661,-0.6274338746409608,-0.17902372906370032,-0.5465180491991082,-0.46836901807429404,-0.6660211653810606,-0.19439485183179855,-1.0538643335142355,-1.0918751172172683,-0.26045202452388866,-0.5873675038249789,-1.003524666285766,-0.22136525408092442,-1.8962965335594706,2.9102958981374106e-16,-0.7083180579445213,2.1662035199453356,-1.6131721976437532,0.0,0.8682108857362133,-3.7330851873527326e-16,-0.6126448662012483
